Workbook

Sheet Mode d'emploi
A1: Classeur de planification : Projet NovaCode Studio
A2: Séance 2 · un seul classeur par équipe, déposé dans l'espace partagé
A4: Couleurs | B4: Cellules jaunes = à saisir. Chiffres bleus = valeurs que vous pouvez modifier. Cellules blanches = calculées automatiquement, ne pas modifier.
A5: 1. Équipe | B5: Nom de l'équipe, membres, rôles, e-mails et lien du Kanban (tableau de suivi des tâches). Les noms saisis ici alimentent les listes déroulantes « Responsable ».
A6: 2. Tâches | B6: Le WBS (organigramme des tâches) : une ligne par tâche, avec son lot, sa formulation (verbe + objet), son livrable vérifiable, un responsable unique, les trois estimations (optimiste, probable, pessimiste), les séances de début et de fin (1 à 10), les prédécesseurs et le statut. L'estimation retenue = (O + 4P + Pe) / 6 est calculée.
A7: 3. Gantt (planning en barres) | B7: Rien à saisir : les barres se dessinent à partir des séances de début et de fin. Bleu = planifiée, vert = terminée. La ligne des jalons est en haut.
A8: 4. Jalons | B8: Saisissez les dates des séances et, au fil du projet, si chaque jalon est atteint.
A9: 5. RACI (Réalise, Approuve, Consulté, Informé) | B9: Pour chaque lot (et quelques tâches clés) : R réalise, A approuve (un seul par ligne), C consulté, I informé. A/R si la même personne approuve et réalise.
A10: 6. Risques | B10: Probabilité et impact de 1 à 4 ; la criticité et le niveau sont calculés. Criticité ≥ 6 : actions préventive et corrective obligatoires.
A11: 7. Synthèse | B11: Tableau de bord de l'équipe : charge totale, capacité, avancement, alertes. À consulter au début et à la fin de chaque séance.

Sheet Synthèse
A1: Tableau de bord de l'équipe
A2: À consulter au début et à la fin de chaque séance
A4: CHARGE
A5: Nombre de membres | B5: 3
A6: Capacité totale de l'équipe (h·personne) | B6: =SUM(Équipe!E5:E8)*(B5>0) -> 144
A7: Capacité planifiable (70 %) | B7: =ROUND(B6*0.7,1) -> 100.8
A8: Charge totale estimée (h·personne) | B8: =SUM(Tâches!$I$5:$I$64) -> 14.8
A9: Charge / capacité planifiable | B9: =IF(B7=0,"",B8/B7) -> 0.1468254 | C9: =IF(B9="","",IF(B9>1,"Trop de travail planifié : réduisez ou simplifiez",IF(B9<0.5,"Peu de tâches : le WBS (organigramme des tâches) est-il complet ?","Charge cohérente"))) -> Peu de tâches : le WBS (organigramme des tâches) est-il complet ?
A10: Écart de charge entre membres (h) | B10: =IFERROR(_xludf.maxifs(Équipe!F5:F8,Équipe!A5:A8,"<>")-_xludf.minifs(Équipe!F5:F8,Équipe!A5:A8,"<>"),"") | C10: =IF(B10="","",IF(B10>6,"Répartition déséquilibrée : réaffectez des tâches","Répartition équilibrée"))
A11: AVANCEMENT
A12: Nombre de tâches | B12: =COUNTA(Tâches!$C$5:$C$64) -> 5
A13: Tâches « À faire » | B13: =COUNTIF(Tâches!$M$5:$M$64,"À faire") -> 0
A14: Tâches « En cours » | B14: =COUNTIF(Tâches!$M$5:$M$64,"En cours") -> 0
A15: Tâches « À vérifier » | B15: =COUNTIF(Tâches!$M$5:$M$64,"À vérifier") -> 0
A16: Tâches « Terminé » | B16: =COUNTIF(Tâches!$M$5:$M$64,"Terminé") -> 5
A17: Avancement (en heures terminées) | B17: =IF(B8=0,"",SUMIF(Tâches!$M$5:$M$64,"Terminé",Tâches!$I$5:$I$64)/B8) -> 1
A18: CONTRÔLES (doivent être à 0)
A19: Tâches sans responsable | B19: =COUNTIFS(Tâches!$C$5:$C$64,"<>",Tâches!$E$5:$E$64,"") -> 0 | C19: =IF(B19=0,"OK","À corriger") -> OK
A20: Tâches non estimées | B20: =SUMPRODUCT((Tâches!$C$5:$C$64<>"")*(Tâches!$I$5:$I$64="")) -> 0 | C20: =IF(B20=0,"OK","À corriger") -> OK
A21: Tâches de plus de 4 h | B21: =COUNTIF(Tâches!$I$5:$I$64,">4") -> 0 | C21: =IF(B21=0,"OK","À corriger") -> OK
A22: Tâches sans séance de début ou de fin | B22: =SUMPRODUCT((Tâches!$C$5:$C$64<>"")*(((Tâches!$J$5:$J$64)="")+((Tâches!$K$5:$K$64)="")>0)) -> 0 | C22: =IF(B22=0,"OK","À corriger") -> OK
A23: Lots RACI non conformes | B23: =COUNTIFS(RACI!G5:G20,"<>OK",RACI!G5:G20,"?*") -> 0 | C23: =IF(B23=0,"OK","À corriger") -> OK
A24: Risques critiques (≥ 6) sans action préventive | B24: =COUNTIFS(Risques!H5:H16,">=6",Risques!J5:J16,"") -> 0 | C24: =IF(B24=0,"OK","À corriger") -> OK

Sheet Listes
A2: L1 Gestion de projet | B2: À faire
A3: L2 Analyse du besoin | B3: En cours
A4: L3 Préparation des postes | B4: À vérifier
A5: L4 Environnement de test Linux | B5: Terminé
A6: L5 Environnement de développement
A7: L6 Documentation et collaboration
A8: L7 Tests et vérification
A9: L8 Clôture et soutenance

Sheet Équipe
A1: Équipe
A2: Une ligne par membre. La charge planifiée est calculée à partir de l'onglet Tâches.
A3: Nom de l'équipe
A4: Membre (prénom NOM) | B4: Rôle S1 à S5 | C4: Rôle S6 à S10 | D4: E-mail | E4: Capacité (h) | F4: Charge planifiée (h) | G4: Taux de charge
A5: Eren ASLAN | B5: Chef du Projet | C5: Référent technique | D5: erenaslan1782@gmail.com | E5: 36 | F5: =IF(A5="","",SUMIF(Tâches!$E$5:$E$64,A5,Tâches!$I$5:$I$64)) -> 5.4 | G5: =IF(OR(A5="",E5=0),"",F5/E5) -> 0.15
A6: Dymitro DUDAR | B6: Referent Technique | C6: Redacteur | D6: dmdu1014@eleve.isep.fr | E6: 36 | F6: =IF(A6="","",SUMIF(Tâches!$E$5:$E$64,A6,Tâches!$I$5:$I$64)) -> 3 | G6: =IF(OR(A6="",E6=0),"",F6/E6) -> 0.083333333
A7: Maxime ROPARS | B7: Redacteur | C7: Chef de projet | D7: maximeropars50@gmail.com | E7: 36 | F7: =IF(A7="","",SUMIF(Tâches!$E$5:$E$64,A7,Tâches!$I$5:$I$64)) -> 6.4 | G7: =IF(OR(A7="",E7=0),"",F7/E7) -> 0.17777778
E8: 36 | F8: =IF(A8="","",SUMIF(Tâches!$E$5:$E$64,A8,Tâches!$I$5:$I$64)) | G8: =IF(OR(A8="",E8=0),"",F8/E8)
A10: Lien du Kanban (tableau de suivi des tâches) | B10: https://github.com/users/loppocalypse/projects/3/views/1
A11: Lien de l'espace partagé | B11: https://github.com/loppocalypse/Projet_Technique
A13: Taux de charge en rouge : plus de 70 % de la capacité du membre est planifiée ( rééquilibrez).

Sheet Tâches
A1: Tâches du projet (WBS, organigramme des tâches)
A2: Une tâche = un verbe d'action + un objet, un responsable unique, entre 0,5 h et 4 h. Estimation = (O + 4P + Pe) / 6, en h·personne.
A4: Code WBS (organigramme des tâches) | B4: Lot | C4: Tâche (verbe + objet) | D4: Livrable / résultat vérifiable | E4: Responsable | F4: Optimiste (h) | G4: Probable (h) | H4: Pessimiste (h) | I4: Estimation (h) | J4: Séance début | K4: Séance fin | L4: Prédécesseur(s) | M4: Statut | N4: Remarques
A5: 1.1 | B5: L1 Gestion de projet | C5: Rédiger la note de cadrage | D5: Note de cadrage validée (J1) | E5: Eren ASLAN | F5: 1.5 | G5: 2 | H5: 3 | I5: =IF(COUNT(F5:H5)=3,ROUND((F5+4*G5+H5)/6,1),"") -> 2.1 | J5: 2 | K5: 2 | L5: 2.1, 2.4 | M5: Terminé
A6: 2.1 | B6: L2 Analyse du besoin | C6: Analyser la commande du client | D6: Tableau des besoins et contraintes | E6: Maxime ROPARS | F6: 2 | G6: 3 | H6: 5 | I6: =IF(COUNT(F6:H6)=3,ROUND((F6+4*G6+H6)/6,1),"") -> 3.2 | J6: 1 | K6: 1 | M6: Terminé
A7: 2.2 | B7: L2 Analyse du besoin | C7: Relever le matériel de l'équipe | D7: Fichier de relevé complété | E7: Dymitro DUDAR | F7: 2 | G7: 3 | H7: 4 | I7: =IF(COUNT(F7:H7)=3,ROUND((F7+4*G7+H7)/6,1),"") -> 3 | J7: 1 | K7: 1 | M7: Terminé
A8: 2.3 | B8: L2 Analyse du besoin | C8: Réaliser la veille sur les outils | D8: Tableau de veille | E8: Eren ASLAN | F8: 2 | G8: 3 | H8: 6 | I8: =IF(COUNT(F8:H8)=3,ROUND((F8+4*G8+H8)/6,1),"") -> 3.3 | J8: 1 | K8: 2 | L8: 2.1 | M8: Terminé
A9: 2.4 | B9: L2 Analyse du besoin | C9: Rédiger la fiche d'expression du besoin | D9: Fiche d'expression du besoin | E9: Maxime ROPARS | F9: 2 | G9: 3 | H9: 5 | I9: =IF(COUNT(F9:H9)=3,ROUND((F9+4*G9+H9)/6,1),"") -> 3.2 | J9: 1 | K9: 2 | L9: 2.1 | M9: Terminé
I10: =IF(COUNT(F10:H10)=3,ROUND((F10+4*G10+H10)/6,1),"")
I11: =IF(COUNT(F11:H11)=3,ROUND((F11+4*G11+H11)/6,1),"")
I12: =IF(COUNT(F12:H12)=3,ROUND((F12+4*G12+H12)/6,1),"")
I13: =IF(COUNT(F13:H13)=3,ROUND((F13+4*G13+H13)/6,1),"")
I14: =IF(COUNT(F14:H14)=3,ROUND((F14+4*G14+H14)/6,1),"")
I15: =IF(COUNT(F15:H15)=3,ROUND((F15+4*G15+H15)/6,1),"")
I16: =IF(COUNT(F16:H16)=3,ROUND((F16+4*G16+H16)/6,1),"")
I17: =IF(COUNT(F17:H17)=3,ROUND((F17+4*G17+H17)/6,1),"")
I18: =IF(COUNT(F18:H18)=3,ROUND((F18+4*G18+H18)/6,1),"")
I19: =IF(COUNT(F19:H19)=3,ROUND((F19+4*G19+H19)/6,1),"")
I20: =IF(COUNT(F20:H20)=3,ROUND((F20+4*G20+H20)/6,1),"")
I21: =IF(COUNT(F21:H21)=3,ROUND((F21+4*G21+H21)/6,1),"")
... I64: =IF(COUNT(F64:H64)=3,ROUND((F64+4*G64+H64)/6,1),"")
H65: TOTAL | I65: =SUM(I5:I64) -> 14.8
A67: En rouge : tâche de plus de 4 h (à découper), séance de fin avant la séance de début, ou tâche sans responsable.

Sheet Gantt
A1: Diagramme de Gantt (par séance)
A2: Calculé automatiquement à partir de l'onglet Tâches. Bleu = planifiée · vert = terminée · ◆ = jalon.
A4: Code | B4: Tâche | C4: Responsable | D4: Statut | E4: 1 | F4: 2 | G4: 3 | H4: 4 | I4: 5 | J4: 6 | K4: 7 | L4: 8 | M4: 9 | N4: 10
B5: ◆ Jalons | F5: ◆ J1 | I5: ◆ J2 | L5: ◆ J3 | M5: ◆ J4 | N5: ◆ J5
A6: =IF(Tâches!$C5="","",Tâches!$A5) -> 1.1 | B6: =IF(Tâches!$C5="","",Tâches!$C5) -> Rédiger la note de cadrage | C6: =IF(Tâches!$C5="","",Tâches!$E5&"") -> Eren ASLAN | D6: =IF(Tâches!$C5="","",Tâches!$M5&"") -> Terminé | E6: =IF(AND(ISNUMBER(Tâches!$J5),ISNUMBER(Tâches!$K5),E$4>=Tâches!$J5,E$4<=Tâches!$K5),1,"") | F6: =IF(AND(ISNUMBER(Tâches!$J5),ISNUMBER(Tâches!$K5),F$4>=Tâches!$J5,F$4<=Tâches!$K5),1,"") -> 1 | G6: =IF(AND(ISNUMBER(Tâches!$J5),ISNUMBER(Tâches!$K5),G$4>=Tâches!$J5,G$4<=Tâches!$K5),1,"") | H6: =IF(AND(ISNUMBER(Tâches!$J5),ISNUMBER(Tâches!$K5),H$4>=Tâches!$J5,H$4<=Tâches!$K5),1,"") | I6: =IF(AND(ISNUMBER(Tâches!$J5),ISNUMBER(Tâches!$K5),I$4>=Tâches!$J5,I$4<=Tâches!$K5),1,"") | J6: =IF(AND(ISNUMBER(Tâches!$J5),ISNUMBER(Tâches!$K5),J$4>=Tâches!$J5,J$4<=Tâches!$K5),1,"") | K6: =IF(AND(ISNUMBER(Tâches!$J5),ISNUMBER(Tâches!$K5),K$4>=Tâches!$J5,K$4<=Tâches!$K5),1,"") | L6: =IF(AND(ISNUMBER(Tâches!$J5),ISNUMBER(Tâches!$K5),L$4>=Tâches!$J5,L$4<=Tâches!$K5),1,"") | ... N6: =IF(AND(ISNUMBER(Tâches!$J5),ISNUMBER(Tâches!$K5),N$4>=Tâches!$J5,N$4<=Tâches!$K5),1,"")
A7: =IF(Tâches!$C6="","",Tâches!$A6) -> 2.1 | B7: =IF(Tâches!$C6="","",Tâches!$C6) -> Analyser la commande du client | C7: =IF(Tâches!$C6="","",Tâches!$E6&"") -> Maxime ROPARS | D7: =IF(Tâches!$C6="","",Tâches!$M6&"") -> Terminé | E7: =IF(AND(ISNUMBER(Tâches!$J6),ISNUMBER(Tâches!$K6),E$4>=Tâches!$J6,E$4<=Tâches!$K6),1,"") -> 1 | F7: =IF(AND(ISNUMBER(Tâches!$J6),ISNUMBER(Tâches!$K6),F$4>=Tâches!$J6,F$4<=Tâches!$K6),1,"") | G7: =IF(AND(ISNUMBER(Tâches!$J6),ISNUMBER(Tâches!$K6),G$4>=Tâches!$J6,G$4<=Tâches!$K6),1,"") | H7: =IF(AND(ISNUMBER(Tâches!$J6),ISNUMBER(Tâches!$K6),H$4>=Tâches!$J6,H$4<=Tâches!$K6),1,"") | I7: =IF(AND(ISNUMBER(Tâches!$J6),ISNUMBER(Tâches!$K6),I$4>=Tâches!$J6,I$4<=Tâches!$K6),1,"") | J7: =IF(AND(ISNUMBER(Tâches!$J6),ISNUMBER(Tâches!$K6),J$4>=Tâches!$J6,J$4<=Tâches!$K6),1,"") | K7: =IF(AND(ISNUMBER(Tâches!$J6),ISNUMBER(Tâches!$K6),K$4>=Tâches!$J6,K$4<=Tâches!$K6),1,"") | L7: =IF(AND(ISNUMBER(Tâches!$J6),ISNUMBER(Tâches!$K6),L$4>=Tâches!$J6,L$4<=Tâches!$K6),1,"") | ... N7: =IF(AND(ISNUMBER(Tâches!$J6),ISNUMBER(Tâches!$K6),N$4>=Tâches!$J6,N$4<=Tâches!$K6),1,"")
A8: =IF(Tâches!$C7="","",Tâches!$A7) -> 2.2 | B8: =IF(Tâches!$C7="","",Tâches!$C7) -> Relever le matériel de l'équipe | C8: Dymitro DUDAR | D8: =IF(Tâches!$C7="","",Tâches!$M7&"") -> Terminé | E8: =IF(AND(ISNUMBER(Tâches!$J7),ISNUMBER(Tâches!$K7),E$4>=Tâches!$J7,E$4<=Tâches!$K7),1,"") -> 1 | F8: =IF(AND(ISNUMBER(Tâches!$J7),ISNUMBER(Tâches!$K7),F$4>=Tâches!$J7,F$4<=Tâches!$K7),1,"") | G8: =IF(AND(ISNUMBER(Tâches!$J7),ISNUMBER(Tâches!$K7),G$4>=Tâches!$J7,G$4<=Tâches!$K7),1,"") | H8: =IF(AND(ISNUMBER(Tâches!$J7),ISNUMBER(Tâches!$K7),H$4>=Tâches!$J7,H$4<=Tâches!$K7),1,"") | I8: =IF(AND(ISNUMBER(Tâches!$J7),ISNUMBER(Tâches!$K7),I$4>=Tâches!$J7,I$4<=Tâches!$K7),1,"") | J8: =IF(AND(ISNUMBER(Tâches!$J7),ISNUMBER(Tâches!$K7),J$4>=Tâches!$J7,J$4<=Tâches!$K7),1,"") | K8: =IF(AND(ISNUMBER(Tâches!$J7),ISNUMBER(Tâches!$K7),K$4>=Tâches!$J7,K$4<=Tâches!$K7),1,"") | L8: =IF(AND(ISNUMBER(Tâches!$J7),ISNUMBER(Tâches!$K7),L$4>=Tâches!$J7,L$4<=Tâches!$K7),1,"") | ... N8: =IF(AND(ISNUMBER(Tâches!$J7),ISNUMBER(Tâches!$K7),N$4>=Tâches!$J7,N$4<=Tâches!$K7),1,"")
A9: =IF(Tâches!$C8="","",Tâches!$A8) -> 2.3 | B9: =IF(Tâches!$C8="","",Tâches!$C8) -> Réaliser la veille sur les outils | C9: =IF(Tâches!$C8="","",Tâches!$E8&"") -> Eren ASLAN | D9: =IF(Tâches!$C8="","",Tâches!$M8&"") -> Terminé | E9: =IF(AND(ISNUMBER(Tâches!$J8),ISNUMBER(Tâches!$K8),E$4>=Tâches!$J8,E$4<=Tâches!$K8),1,"") -> 1 | F9: =IF(AND(ISNUMBER(Tâches!$J8),ISNUMBER(Tâches!$K8),F$4>=Tâches!$J8,F$4<=Tâches!$K8),1,"") -> 1 | G9: =IF(AND(ISNUMBER(Tâches!$J8),ISNUMBER(Tâches!$K8),G$4>=Tâches!$J8,G$4<=Tâches!$K8),1,"") | H9: =IF(AND(ISNUMBER(Tâches!$J8),ISNUMBER(Tâches!$K8),H$4>=Tâches!$J8,H$4<=Tâches!$K8),1,"") | I9: =IF(AND(ISNUMBER(Tâches!$J8),ISNUMBER(Tâches!$K8),I$4>=Tâches!$J8,I$4<=Tâches!$K8),1,"") | J9: =IF(AND(ISNUMBER(Tâches!$J8),ISNUMBER(Tâches!$K8),J$4>=Tâches!$J8,J$4<=Tâches!$K8),1,"") | K9: =IF(AND(ISNUMBER(Tâches!$J8),ISNUMBER(Tâches!$K8),K$4>=Tâches!$J8,K$4<=Tâches!$K8),1,"") | L9: =IF(AND(ISNUMBER(Tâches!$J8),ISNUMBER(Tâches!$K8),L$4>=Tâches!$J8,L$4<=Tâches!$K8),1,"") | ... N9: =IF(AND(ISNUMBER(Tâches!$J8),ISNUMBER(Tâches!$K8),N$4>=Tâches!$J8,N$4<=Tâches!$K8),1,"")
A10: =IF(Tâches!$C9="","",Tâches!$A9) -> 2.4 | B10: =IF(Tâches!$C9="","",Tâches!$C9) -> Rédiger la fiche d'expression du besoin | C10: =IF(Tâches!$C9="","",Tâches!$E9&"") -> Maxime ROPARS | D10: =IF(Tâches!$C9="","",Tâches!$M9&"") -> Terminé | E10: =IF(AND(ISNUMBER(Tâches!$J9),ISNUMBER(Tâches!$K9),E$4>=Tâches!$J9,E$4<=Tâches!$K9),1,"") -> 1 | F10: =IF(AND(ISNUMBER(Tâches!$J9),ISNUMBER(Tâches!$K9),F$4>=Tâches!$J9,F$4<=Tâches!$K9),1,"") -> 1 | G10: =IF(AND(ISNUMBER(Tâches!$J9),ISNUMBER(Tâches!$K9),G$4>=Tâches!$J9,G$4<=Tâches!$K9),1,"") | H10: =IF(AND(ISNUMBER(Tâches!$J9),ISNUMBER(Tâches!$K9),H$4>=Tâches!$J9,H$4<=Tâches!$K9),1,"") | I10: =IF(AND(ISNUMBER(Tâches!$J9),ISNUMBER(Tâches!$K9),I$4>=Tâches!$J9,I$4<=Tâches!$K9),1,"") | J10: =IF(AND(ISNUMBER(Tâches!$J9),ISNUMBER(Tâches!$K9),J$4>=Tâches!$J9,J$4<=Tâches!$K9),1,"") | K10: =IF(AND(ISNUMBER(Tâches!$J9),ISNUMBER(Tâches!$K9),K$4>=Tâches!$J9,K$4<=Tâches!$K9),1,"") | L10: =IF(AND(ISNUMBER(Tâches!$J9),ISNUMBER(Tâches!$K9),L$4>=Tâches!$J9,L$4<=Tâches!$K9),1,"") | ... N10: =IF(AND(ISNUMBER(Tâches!$J9),ISNUMBER(Tâches!$K9),N$4>=Tâches!$J9,N$4<=Tâches!$K9),1,"")
A11: =IF(Tâches!$C10="","",Tâches!$A10) | B11: =IF(Tâches!$C10="","",Tâches!$C10) | C11: =IF(Tâches!$C10="","",Tâches!$E10&"") | D11: =IF(Tâches!$C10="","",Tâches!$M10&"") | E11: =IF(AND(ISNUMBER(Tâches!$J10),ISNUMBER(Tâches!$K10),E$4>=Tâches!$J10,E$4<=Tâches!$K10),1,"") | F11: =IF(AND(ISNUMBER(Tâches!$J10),ISNUMBER(Tâches!$K10),F$4>=Tâches!$J10,F$4<=Tâches!$K10),1,"") | G11: =IF(AND(ISNUMBER(Tâches!$J10),ISNUMBER(Tâches!$K10),G$4>=Tâches!$J10,G$4<=Tâches!$K10),1,"") | H11: =IF(AND(ISNUMBER(Tâches!$J10),ISNUMBER(Tâches!$K10),H$4>=Tâches!$J10,H$4<=Tâches!$K10),1,"") | I11: =IF(AND(ISNUMBER(Tâches!$J10),ISNUMBER(Tâches!$K10),I$4>=Tâches!$J10,I$4<=Tâches!$K10),1,"") | J11: =IF(AND(ISNUMBER(Tâches!$J10),ISNUMBER(Tâches!$K10),J$4>=Tâches!$J10,J$4<=Tâches!$K10),1,"") | K11: =IF(AND(ISNUMBER(Tâches!$J10),ISNUMBER(Tâches!$K10),K$4>=Tâches!$J10,K$4<=Tâches!$K10),1,"") | L11: =IF(AND(ISNUMBER(Tâches!$J10),ISNUMBER(Tâches!$K10),L$4>=Tâches!$J10,L$4<=Tâches!$K10),1,"") | ... N11: =IF(AND(ISNUMBER(Tâches!$J10),ISNUMBER(Tâches!$K10),N$4>=Tâches!$J10,N$4<=Tâches!$K10),1,"")
A12: =IF(Tâches!$C11="","",Tâches!$A11) | B12: =IF(Tâches!$C11="","",Tâches!$C11) | C12: =IF(Tâches!$C11="","",Tâches!$E11&"") | D12: =IF(Tâches!$C11="","",Tâches!$M11&"") | E12: =IF(AND(ISNUMBER(Tâches!$J11),ISNUMBER(Tâches!$K11),E$4>=Tâches!$J11,E$4<=Tâches!$K11),1,"") | F12: =IF(AND(ISNUMBER(Tâches!$J11),ISNUMBER(Tâches!$K11),F$4>=Tâches!$J11,F$4<=Tâches!$K11),1,"") | G12: =IF(AND(ISNUMBER(Tâches!$J11),ISNUMBER(Tâches!$K11),G$4>=Tâches!$J11,G$4<=Tâches!$K11),1,"") | H12: =IF(AND(ISNUMBER(Tâches!$J11),ISNUMBER(Tâches!$K11),H$4>=Tâches!$J11,H$4<=Tâches!$K11),1,"") | I12: =IF(AND(ISNUMBER(Tâches!$J11),ISNUMBER(Tâches!$K11),I$4>=Tâches!$J11,I$4<=Tâches!$K11),1,"") | J12: =IF(AND(ISNUMBER(Tâches!$J11),ISNUMBER(Tâches!$K11),J$4>=Tâches!$J11,J$4<=Tâches!$K11),1,"") | K12: =IF(AND(ISNUMBER(Tâches!$J11),ISNUMBER(Tâches!$K11),K$4>=Tâches!$J11,K$4<=Tâches!$K11),1,"") | L12: =IF(AND(ISNUMBER(Tâches!$J11),ISNUMBER(Tâches!$K11),L$4>=Tâches!$J11,L$4<=Tâches!$K11),1,"") | ... N12: =IF(AND(ISNUMBER(Tâches!$J11),ISNUMBER(Tâches!$K11),N$4>=Tâches!$J11,N$4<=Tâches!$K11),1,"")
A13: =IF(Tâches!$C12="","",Tâches!$A12) | B13: =IF(Tâches!$C12="","",Tâches!$C12) | C13: =IF(Tâches!$C12="","",Tâches!$E12&"") | D13: =IF(Tâches!$C12="","",Tâches!$M12&"") | E13: =IF(AND(ISNUMBER(Tâches!$J12),ISNUMBER(Tâches!$K12),E$4>=Tâches!$J12,E$4<=Tâches!$K12),1,"") | F13: =IF(AND(ISNUMBER(Tâches!$J12),ISNUMBER(Tâches!$K12),F$4>=Tâches!$J12,F$4<=Tâches!$K12),1,"") | G13: =IF(AND(ISNUMBER(Tâches!$J12),ISNUMBER(Tâches!$K12),G$4>=Tâches!$J12,G$4<=Tâches!$K12),1,"") | H13: =IF(AND(ISNUMBER(Tâches!$J12),ISNUMBER(Tâches!$K12),H$4>=Tâches!$J12,H$4<=Tâches!$K12),1,"") | I13: =IF(AND(ISNUMBER(Tâches!$J12),ISNUMBER(Tâches!$K12),I$4>=Tâches!$J12,I$4<=Tâches!$K12),1,"") | J13: =IF(AND(ISNUMBER(Tâches!$J12),ISNUMBER(Tâches!$K12),J$4>=Tâches!$J12,J$4<=Tâches!$K12),1,"") | K13: =IF(AND(ISNUMBER(Tâches!$J12),ISNUMBER(Tâches!$K12),K$4>=Tâches!$J12,K$4<=Tâches!$K12),1,"") | L13: =IF(AND(ISNUMBER(Tâches!$J12),ISNUMBER(Tâches!$K12),L$4>=Tâches!$J12,L$4<=Tâches!$K12),1,"") | ... N13: =IF(AND(ISNUMBER(Tâches!$J12),ISNUMBER(Tâches!$K12),N$4>=Tâches!$J12,N$4<=Tâches!$K12),1,"")
A14: =IF(Tâches!$C13="","",Tâches!$A13) | B14: =IF(Tâches!$C13="","",Tâches!$C13) | C14: =IF(Tâches!$C13="","",Tâches!$E13&"") | D14: =IF(Tâches!$C13="","",Tâches!$M13&"") | E14: =IF(AND(ISNUMBER(Tâches!$J13),ISNUMBER(Tâches!$K13),E$4>=Tâches!$J13,E$4<=Tâches!$K13),1,"") | F14: =IF(AND(ISNUMBER(Tâches!$J13),ISNUMBER(Tâches!$K13),F$4>=Tâches!$J13,F$4<=Tâches!$K13),1,"") | G14: =IF(AND(ISNUMBER(Tâches!$J13),ISNUMBER(Tâches!$K13),G$4>=Tâches!$J13,G$4<=Tâches!$K13),1,"") | H14: =IF(AND(ISNUMBER(Tâches!$J13),ISNUMBER(Tâches!$K13),H$4>=Tâches!$J13,H$4<=Tâches!$K13),1,"") | I14: =IF(AND(ISNUMBER(Tâches!$J13),ISNUMBER(Tâches!$K13),I$4>=Tâches!$J13,I$4<=Tâches!$K13),1,"") | J14: =IF(AND(ISNUMBER(Tâches!$J13),ISNUMBER(Tâches!$K13),J$4>=Tâches!$J13,J$4<=Tâches!$K13),1,"") | K14: =IF(AND(ISNUMBER(Tâches!$J13),ISNUMBER(Tâches!$K13),K$4>=Tâches!$J13,K$4<=Tâches!$K13),1,"") | L14: =IF(AND(ISNUMBER(Tâches!$J13),ISNUMBER(Tâches!$K13),L$4>=Tâches!$J13,L$4<=Tâches!$K13),1,"") | ... N14: =IF(AND(ISNUMBER(Tâches!$J13),ISNUMBER(Tâches!$K13),N$4>=Tâches!$J13,N$4<=Tâches!$K13),1,"")
A15: =IF(Tâches!$C14="","",Tâches!$A14) | B15: =IF(Tâches!$C14="","",Tâches!$C14) | C15: =IF(Tâches!$C14="","",Tâches!$E14&"") | D15: =IF(Tâches!$C14="","",Tâches!$M14&"") | E15: =IF(AND(ISNUMBER(Tâches!$J14),ISNUMBER(Tâches!$K14),E$4>=Tâches!$J14,E$4<=Tâches!$K14),1,"") | F15: =IF(AND(ISNUMBER(Tâches!$J14),ISNUMBER(Tâches!$K14),F$4>=Tâches!$J14,F$4<=Tâches!$K14),1,"") | G15: =IF(AND(ISNUMBER(Tâches!$J14),ISNUMBER(Tâches!$K14),G$4>=Tâches!$J14,G$4<=Tâches!$K14),1,"") | H15: =IF(AND(ISNUMBER(Tâches!$J14),ISNUMBER(Tâches!$K14),H$4>=Tâches!$J14,H$4<=Tâches!$K14),1,"") | I15: =IF(AND(ISNUMBER(Tâches!$J14),ISNUMBER(Tâches!$K14),I$4>=Tâches!$J14,I$4<=Tâches!$K14),1,"") | J15: =IF(AND(ISNUMBER(Tâches!$J14),ISNUMBER(Tâches!$K14),J$4>=Tâches!$J14,J$4<=Tâches!$K14),1,"") | K15: =IF(AND(ISNUMBER(Tâches!$J14),ISNUMBER(Tâches!$K14),K$4>=Tâches!$J14,K$4<=Tâches!$K14),1,"") | L15: =IF(AND(ISNUMBER(Tâches!$J14),ISNUMBER(Tâches!$K14),L$4>=Tâches!$J14,L$4<=Tâches!$K14),1,"") | ... N15: =IF(AND(ISNUMBER(Tâches!$J14),ISNUMBER(Tâches!$K14),N$4>=Tâches!$J14,N$4<=Tâches!$K14),1,"")
A16: =IF(Tâches!$C15="","",Tâches!$A15) | B16: =IF(Tâches!$C15="","",Tâches!$C15) | C16: =IF(Tâches!$C15="","",Tâches!$E15&"") | D16: =IF(Tâches!$C15="","",Tâches!$M15&"") | E16: =IF(AND(ISNUMBER(Tâches!$J15),ISNUMBER(Tâches!$K15),E$4>=Tâches!$J15,E$4<=Tâches!$K15),1,"") | F16: =IF(AND(ISNUMBER(Tâches!$J15),ISNUMBER(Tâches!$K15),F$4>=Tâches!$J15,F$4<=Tâches!$K15),1,"") | G16: =IF(AND(ISNUMBER(Tâches!$J15),ISNUMBER(Tâches!$K15),G$4>=Tâches!$J15,G$4<=Tâches!$K15),1,"") | H16: =IF(AND(ISNUMBER(Tâches!$J15),ISNUMBER(Tâches!$K15),H$4>=Tâches!$J15,H$4<=Tâches!$K15),1,"") | I16: =IF(AND(ISNUMBER(Tâches!$J15),ISNUMBER(Tâches!$K15),I$4>=Tâches!$J15,I$4<=Tâches!$K15),1,"") | J16: =IF(AND(ISNUMBER(Tâches!$J15),ISNUMBER(Tâches!$K15),J$4>=Tâches!$J15,J$4<=Tâches!$K15),1,"") | K16: =IF(AND(ISNUMBER(Tâches!$J15),ISNUMBER(Tâches!$K15),K$4>=Tâches!$J15,K$4<=Tâches!$K15),1,"") | L16: =IF(AND(ISNUMBER(Tâches!$J15),ISNUMBER(Tâches!$K15),L$4>=Tâches!$J15,L$4<=Tâches!$K15),1,"") | ... N16: =IF(AND(ISNUMBER(Tâches!$J15),ISNUMBER(Tâches!$K15),N$4>=Tâches!$J15,N$4<=Tâches!$K15),1,"")
A17: =IF(Tâches!$C16="","",Tâches!$A16) | B17: =IF(Tâches!$C16="","",Tâches!$C16) | C17: =IF(Tâches!$C16="","",Tâches!$E16&"") | D17: =IF(Tâches!$C16="","",Tâches!$M16&"") | E17: =IF(AND(ISNUMBER(Tâches!$J16),ISNUMBER(Tâches!$K16),E$4>=Tâches!$J16,E$4<=Tâches!$K16),1,"") | F17: =IF(AND(ISNUMBER(Tâches!$J16),ISNUMBER(Tâches!$K16),F$4>=Tâches!$J16,F$4<=Tâches!$K16),1,"") | G17: =IF(AND(ISNUMBER(Tâches!$J16),ISNUMBER(Tâches!$K16),G$4>=Tâches!$J16,G$4<=Tâches!$K16),1,"") | H17: =IF(AND(ISNUMBER(Tâches!$J16),ISNUMBER(Tâches!$K16),H$4>=Tâches!$J16,H$4<=Tâches!$K16),1,"") | I17: =IF(AND(ISNUMBER(Tâches!$J16),ISNUMBER(Tâches!$K16),I$4>=Tâches!$J16,I$4<=Tâches!$K16),1,"") | J17: =IF(AND(ISNUMBER(Tâches!$J16),ISNUMBER(Tâches!$K16),J$4>=Tâches!$J16,J$4<=Tâches!$K16),1,"") | K17: =IF(AND(ISNUMBER(Tâches!$J16),ISNUMBER(Tâches!$K16),K$4>=Tâches!$J16,K$4<=Tâches!$K16),1,"") | L17: =IF(AND(ISNUMBER(Tâches!$J16),ISNUMBER(Tâches!$K16),L$4>=Tâches!$J16,L$4<=Tâches!$K16),1,"") | ... N17: =IF(AND(ISNUMBER(Tâches!$J16),ISNUMBER(Tâches!$K16),N$4>=Tâches!$J16,N$4<=Tâches!$K16),1,"")
A18: =IF(Tâches!$C17="","",Tâches!$A17) | B18: =IF(Tâches!$C17="","",Tâches!$C17) | C18: =IF(Tâches!$C17="","",Tâches!$E17&"") | D18: =IF(Tâches!$C17="","",Tâches!$M17&"") | E18: =IF(AND(ISNUMBER(Tâches!$J17),ISNUMBER(Tâches!$K17),E$4>=Tâches!$J17,E$4<=Tâches!$K17),1,"") | F18: =IF(AND(ISNUMBER(Tâches!$J17),ISNUMBER(Tâches!$K17),F$4>=Tâches!$J17,F$4<=Tâches!$K17),1,"") | G18: =IF(AND(ISNUMBER(Tâches!$J17),ISNUMBER(Tâches!$K17),G$4>=Tâches!$J17,G$4<=Tâches!$K17),1,"") | H18: =IF(AND(ISNUMBER(Tâches!$J17),ISNUMBER(Tâches!$K17),H$4>=Tâches!$J17,H$4<=Tâches!$K17),1,"") | I18: =IF(AND(ISNUMBER(Tâches!$J17),ISNUMBER(Tâches!$K17),I$4>=Tâches!$J17,I$4<=Tâches!$K17),1,"") | J18: =IF(AND(ISNUMBER(Tâches!$J17),ISNUMBER(Tâches!$K17),J$4>=Tâches!$J17,J$4<=Tâches!$K17),1,"") | K18: =IF(AND(ISNUMBER(Tâches!$J17),ISNUMBER(Tâches!$K17),K$4>=Tâches!$J17,K$4<=Tâches!$K17),1,"") | L18: =IF(AND(ISNUMBER(Tâches!$J17),ISNUMBER(Tâches!$K17),L$4>=Tâches!$J17,L$4<=Tâches!$K17),1,"") | ... N18: =IF(AND(ISNUMBER(Tâches!$J17),ISNUMBER(Tâches!$K17),N$4>=Tâches!$J17,N$4<=Tâches!$K17),1,"")
A19: =IF(Tâches!$C18="","",Tâches!$A18) | B19: =IF(Tâches!$C18="","",Tâches!$C18) | C19: =IF(Tâches!$C18="","",Tâches!$E18&"") | D19: =IF(Tâches!$C18="","",Tâches!$M18&"") | E19: =IF(AND(ISNUMBER(Tâches!$J18),ISNUMBER(Tâches!$K18),E$4>=Tâches!$J18,E$4<=Tâches!$K18),1,"") | F19: =IF(AND(ISNUMBER(Tâches!$J18),ISNUMBER(Tâches!$K18),F$4>=Tâches!$J18,F$4<=Tâches!$K18),1,"") | G19: =IF(AND(ISNUMBER(Tâches!$J18),ISNUMBER(Tâches!$K18),G$4>=Tâches!$J18,G$4<=Tâches!$K18),1,"") | H19: =IF(AND(ISNUMBER(Tâches!$J18),ISNUMBER(Tâches!$K18),H$4>=Tâches!$J18,H$4<=Tâches!$K18),1,"") | I19: =IF(AND(ISNUMBER(Tâches!$J18),ISNUMBER(Tâches!$K18),I$4>=Tâches!$J18,I$4<=Tâches!$K18),1,"") | J19: =IF(AND(ISNUMBER(Tâches!$J18),ISNUMBER(Tâches!$K18),J$4>=Tâches!$J18,J$4<=Tâches!$K18),1,"") | K19: =IF(AND(ISNUMBER(Tâches!$J18),ISNUMBER(Tâches!$K18),K$4>=Tâches!$J18,K$4<=Tâches!$K18),1,"") | L19: =IF(AND(ISNUMBER(Tâches!$J18),ISNUMBER(Tâches!$K18),L$4>=Tâches!$J18,L$4<=Tâches!$K18),1,"") | ... N19: =IF(AND(ISNUMBER(Tâches!$J18),ISNUMBER(Tâches!$K18),N$4>=Tâches!$J18,N$4<=Tâches!$K18),1,"")
A20: =IF(Tâches!$C19="","",Tâches!$A19) | B20: =IF(Tâches!$C19="","",Tâches!$C19) | C20: =IF(Tâches!$C19="","",Tâches!$E19&"") | D20: =IF(Tâches!$C19="","",Tâches!$M19&"") | E20: =IF(AND(ISNUMBER(Tâches!$J19),ISNUMBER(Tâches!$K19),E$4>=Tâches!$J19,E$4<=Tâches!$K19),1,"") | F20: =IF(AND(ISNUMBER(Tâches!$J19),ISNUMBER(Tâches!$K19),F$4>=Tâches!$J19,F$4<=Tâches!$K19),1,"") | G20: =IF(AND(ISNUMBER(Tâches!$J19),ISNUMBER(Tâches!$K19),G$4>=Tâches!$J19,G$4<=Tâches!$K19),1,"") | H20: =IF(AND(ISNUMBER(Tâches!$J19),ISNUMBER(Tâches!$K19),H$4>=Tâches!$J19,H$4<=Tâches!$K19),1,"") | I20: =IF(AND(ISNUMBER(Tâches!$J19),ISNUMBER(Tâches!$K19),I$4>=Tâches!$J19,I$4<=Tâches!$K19),1,"") | J20: =IF(AND(ISNUMBER(Tâches!$J19),ISNUMBER(Tâches!$K19),J$4>=Tâches!$J19,J$4<=Tâches!$K19),1,"") | K20: =IF(AND(ISNUMBER(Tâches!$J19),ISNUMBER(Tâches!$K19),K$4>=Tâches!$J19,K$4<=Tâches!$K19),1,"") | L20: =IF(AND(ISNUMBER(Tâches!$J19),ISNUMBER(Tâches!$K19),L$4>=Tâches!$J19,L$4<=Tâches!$K19),1,"") | ... N20: =IF(AND(ISNUMBER(Tâches!$J19),ISNUMBER(Tâches!$K19),N$4>=Tâches!$J19,N$4<=Tâches!$K19),1,"")
... A65: =IF(Tâches!$C64="","",Tâches!$A64) | B65: =IF(Tâches!$C64="","",Tâches!$C64) | C65: =IF(Tâches!$C64="","",Tâches!$E64&"") | D65: =IF(Tâches!$C64="","",Tâches!$M64&"") | E65: =IF(AND(ISNUMBER(Tâches!$J64),ISNUMBER(Tâches!$K64),E$4>=Tâches!$J64,E$4<=Tâches!$K64),1,"") | F65: =IF(AND(ISNUMBER(Tâches!$J64),ISNUMBER(Tâches!$K64),F$4>=Tâches!$J64,F$4<=Tâches!$K64),1,"") | G65: =IF(AND(ISNUMBER(Tâches!$J64),ISNUMBER(Tâches!$K64),G$4>=Tâches!$J64,G$4<=Tâches!$K64),1,"") | H65: =IF(AND(ISNUMBER(Tâches!$J64),ISNUMBER(Tâches!$K64),H$4>=Tâches!$J64,H$4<=Tâches!$K64),1,"") | I65: =IF(AND(ISNUMBER(Tâches!$J64),ISNUMBER(Tâches!$K64),I$4>=Tâches!$J64,I$4<=Tâches!$K64),1,"") | J65: =IF(AND(ISNUMBER(Tâches!$J64),ISNUMBER(Tâches!$K64),J$4>=Tâches!$J64,J$4<=Tâches!$K64),1,"") | K65: =IF(AND(ISNUMBER(Tâches!$J64),ISNUMBER(Tâches!$K64),K$4>=Tâches!$J64,K$4<=Tâches!$K64),1,"") | L65: =IF(AND(ISNUMBER(Tâches!$J64),ISNUMBER(Tâches!$K64),L$4>=Tâches!$J64,L$4<=Tâches!$K64),1,"") | ... N65: =IF(AND(ISNUMBER(Tâches!$J64),ISNUMBER(Tâches!$K64),N$4>=Tâches!$J64,N$4<=Tâches!$K64),1,"")

Sheet Jalons
A1: Jalons du projet
A2: Les jalons sont imposés. Saisissez les dates et, au fil du projet, s'ils sont atteints.
A4: Code | B4: Jalon | C4: Séance | D4: Date prévue | E4: Critère de validation | F4: Atteint ? | G4: Date réelle
A5: J1 | B5: Cadrage validé | C5: S2 | D5: 46309 | E5: Note de cadrage validée, Kanban (tableau de suivi des tâches) et planning en place, enseignant invité | F5: Oui | G5: 46309
A6: J2 | B6: Poste de développement opérationnel | C6: S5 | D6: 21/10/2026 | E6: Chaque membre écrit et exécute un programme dans l'environnement de test
A7: J3 | B7: Revue intermédiaire | C7: S8 | D7: 25/11/2026 | E7: Procédure complète testée par un autre groupe, fiche de retour reçue
A8: J4 | B8: Livraison | C8: Fin S9 | D8: 46065 | E8: Procédure finale, retour d'expérience et support de présentation déposés
A9: J5 | B9: Soutenance | C9: S10 | D9: 46277 | E9: Démonstration réalisée, auto-évaluations remises

Sheet RACI
A1: Matrice des responsabilités RACI (Réalise, Approuve, Consulté, Informé)
A2: R = réalise · A = approuve (exactement un par ligne) · C = consulté · I = informé · A/R = approuve et réalise
A4: Code | B4: Lot ou tâche clé | C4: =IF(Équipe!A5="","Membre 1",Équipe!A5) -> Eren ASLAN | D4: =IF(Équipe!A6="","Membre 2",Équipe!A6) -> Dymitro DUDAR | E4: =IF(Équipe!A7="","Membre 3",Équipe!A7) -> Maxime ROPARS | F4: =IF(Équipe!A8="","Membre 4",Équipe!A8) -> Membre 4 | G4: Contrôle
A5: L1 | B5: Gestion de projet | C5: A/R | G5: =IF(COUNTA(C5:F5)=0,"",IF(COUNTIF(C5:F5,"A")+COUNTIF(C5:F5,"A/R")<>1,"Un seul A requis",IF(COUNTIF(C5:F5,"R")+COUNTIF(C5:F5,"A/R")=0,"Il manque un R","OK"))) -> OK
A6: L2 | B6: Analyse du besoin | C6: A/R | D6: R | E6: R | G6: =IF(COUNTA(C6:F6)=0,"",IF(COUNTIF(C6:F6,"A")+COUNTIF(C6:F6,"A/R")<>1,"Un seul A requis",IF(COUNTIF(C6:F6,"R")+COUNTIF(C6:F6,"A/R")=0,"Il manque un R","OK"))) -> OK
A7: L3 | B7: Préparation des postes | G7: =IF(COUNTA(C7:F7)=0,"",IF(COUNTIF(C7:F7,"A")+COUNTIF(C7:F7,"A/R")<>1,"Un seul A requis",IF(COUNTIF(C7:F7,"R")+COUNTIF(C7:F7,"A/R")=0,"Il manque un R","OK")))
A8: L4 | B8: Environnement de test Linux | G8: =IF(COUNTA(C8:F8)=0,"",IF(COUNTIF(C8:F8,"A")+COUNTIF(C8:F8,"A/R")<>1,"Un seul A requis",IF(COUNTIF(C8:F8,"R")+COUNTIF(C8:F8,"A/R")=0,"Il manque un R","OK")))
A9: L5 | B9: Environnement de développement | G9: =IF(COUNTA(C9:F9)=0,"",IF(COUNTIF(C9:F9,"A")+COUNTIF(C9:F9,"A/R")<>1,"Un seul A requis",IF(COUNTIF(C9:F9,"R")+COUNTIF(C9:F9,"A/R")=0,"Il manque un R","OK")))
A10: L6 | B10: Documentation et collaboration | G10: =IF(COUNTA(C10:F10)=0,"",IF(COUNTIF(C10:F10,"A")+COUNTIF(C10:F10,"A/R")<>1,"Un seul A requis",IF(COUNTIF(C10:F10,"R")+COUNTIF(C10:F10,"A/R")=0,"Il manque un R","OK")))
A11: L7 | B11: Tests et vérification | G11: =IF(COUNTA(C11:F11)=0,"",IF(COUNTIF(C11:F11,"A")+COUNTIF(C11:F11,"A/R")<>1,"Un seul A requis",IF(COUNTIF(C11:F11,"R")+COUNTIF(C11:F11,"A/R")=0,"Il manque un R","OK")))
A12: L8 | B12: Clôture et soutenance | G12: =IF(COUNTA(C12:F12)=0,"",IF(COUNTIF(C12:F12,"A")+COUNTIF(C12:F12,"A/R")<>1,"Un seul A requis",IF(COUNTIF(C12:F12,"R")+COUNTIF(C12:F12,"A/R")=0,"Il manque un R","OK")))
G13: =IF(COUNTA(C13:F13)=0,"",IF(COUNTIF(C13:F13,"A")+COUNTIF(C13:F13,"A/R")<>1,"Un seul A requis",IF(COUNTIF(C13:F13,"R")+COUNTIF(C13:F13,"A/R")=0,"Il manque un R","OK")))
G14: =IF(COUNTA(C14:F14)=0,"",IF(COUNTIF(C14:F14,"A")+COUNTIF(C14:F14,"A/R")<>1,"Un seul A requis",IF(COUNTIF(C14:F14,"R")+COUNTIF(C14:F14,"A/R")=0,"Il manque un R","OK")))
G15: =IF(COUNTA(C15:F15)=0,"",IF(COUNTIF(C15:F15,"A")+COUNTIF(C15:F15,"A/R")<>1,"Un seul A requis",IF(COUNTIF(C15:F15,"R")+COUNTIF(C15:F15,"A/R")=0,"Il manque un R","OK")))
G16: =IF(COUNTA(C16:F16)=0,"",IF(COUNTIF(C16:F16,"A")+COUNTIF(C16:F16,"A/R")<>1,"Un seul A requis",IF(COUNTIF(C16:F16,"R")+COUNTIF(C16:F16,"A/R")=0,"Il manque un R","OK")))
G17: =IF(COUNTA(C17:F17)=0,"",IF(COUNTIF(C17:F17,"A")+COUNTIF(C17:F17,"A/R")<>1,"Un seul A requis",IF(COUNTIF(C17:F17,"R")+COUNTIF(C17:F17,"A/R")=0,"Il manque un R","OK")))
G18: =IF(COUNTA(C18:F18)=0,"",IF(COUNTIF(C18:F18,"A")+COUNTIF(C18:F18,"A/R")<>1,"Un seul A requis",IF(COUNTIF(C18:F18,"R")+COUNTIF(C18:F18,"A/R")=0,"Il manque un R","OK")))
G19: =IF(COUNTA(C19:F19)=0,"",IF(COUNTIF(C19:F19,"A")+COUNTIF(C19:F19,"A/R")<>1,"Un seul A requis",IF(COUNTIF(C19:F19,"R")+COUNTIF(C19:F19,"A/R")=0,"Il manque un R","OK")))
G20: =IF(COUNTA(C20:F20)=0,"",IF(COUNTIF(C20:F20,"A")+COUNTIF(C20:F20,"A/R")<>1,"Un seul A requis",IF(COUNTIF(C20:F20,"R")+COUNTIF(C20:F20,"A/R")=0,"Il manque un R","OK")))
A22: Lignes 13 à 20 : ajoutez au moins quatre tâches importantes (code et intitulé).

Sheet Risques
A1: Analyse des risques
A2: Criticité = probabilité × impact · Faible ≤ 3 · Moyen 4 à 8 · Élevé ≥ 9 · Criticité ≥ 6 : actions préventive ET corrective obligatoires
A4: N° | B4: Famille | C4: Risque (événement possible) | D4: Cause | E4: Conséquence pour le projet | F4: Probabilité (1-4) | G4: Impact (1-4) | H4: Criticité | I4: Niveau | J4: Action préventive | K4: Action corrective | L4: Responsable | M4: Statut
A5: R1 | B5: Matériel | C5: Un membre possède un Mac à puce Apple sur lequel un outil retenu ne fonctionne pas | D5: Outil disponible uniquement en version x86-64 | E5: Le membre ne peut pas installer son poste ; retard sur J2 | F5: 3 | G5: 3 | H5: =IF(COUNT(F5:G5)=2,F5*G5,"") -> 9 | I5: =IF(H5="","",IF(H5>=9,"Élevé",IF(H5>=4,"Moyen","Faible"))) -> Élevé | J5: Vérifier la compatibilité ARM de chaque outil pendant la veille | K5: Utiliser une alternative compatible ARM ; binôme sur un autre poste | L5: Eren ASLAN | M5: Surveillé
A6: R2 | H6: =IF(COUNT(F6:G6)=2,F6*G6,"") | I6: =IF(H6="","",IF(H6>=9,"Élevé",IF(H6>=4,"Moyen","Faible")))
A7: R3 | H7: =IF(COUNT(F7:G7)=2,F7*G7,"") | I7: =IF(H7="","",IF(H7>=9,"Élevé",IF(H7>=4,"Moyen","Faible")))
A8: R4 | H8: =IF(COUNT(F8:G8)=2,F8*G8,"") | I8: =IF(H8="","",IF(H8>=9,"Élevé",IF(H8>=4,"Moyen","Faible")))
A9: R5 | H9: =IF(COUNT(F9:G9)=2,F9*G9,"") | I9: =IF(H9="","",IF(H9>=9,"Élevé",IF(H9>=4,"Moyen","Faible")))
A10: R6 | H10: =IF(COUNT(F10:G10)=2,F10*G10,"") | I10: =IF(H10="","",IF(H10>=9,"Élevé",IF(H10>=4,"Moyen","Faible")))
A11: R7 | H11: =IF(COUNT(F11:G11)=2,F11*G11,"") | I11: =IF(H11="","",IF(H11>=9,"Élevé",IF(H11>=4,"Moyen","Faible")))
A12: R8 | H12: =IF(COUNT(F12:G12)=2,F12*G12,"") | I12: =IF(H12="","",IF(H12>=9,"Élevé",IF(H12>=4,"Moyen","Faible")))
A13: R9 | H13: =IF(COUNT(F13:G13)=2,F13*G13,"") | I13: =IF(H13="","",IF(H13>=9,"Élevé",IF(H13>=4,"Moyen","Faible")))
A14: R10 | H14: =IF(COUNT(F14:G14)=2,F14*G14,"") | I14: =IF(H14="","",IF(H14>=9,"Élevé",IF(H14>=4,"Moyen","Faible")))
A15: R11 | H15: =IF(COUNT(F15:G15)=2,F15*G15,"") | I15: =IF(H15="","",IF(H15>=9,"Élevé",IF(H15>=4,"Moyen","Faible")))
A16: R12 | H16: =IF(COUNT(F16:G16)=2,F16*G16,"") | I16: =IF(H16="","",IF(H16>=9,"Élevé",IF(H16>=4,"Moyen","Faible")))
A18: R1 est un exemple : adaptez-le ou remplacez-le. En rouge dans les colonnes Action : action obligatoire manquante.
